,image_name,image_path,ground_truth,translucency_mean,see_throughness_mean,glow_mean
5,Group1_IMG_0022.jpg,Group1-stimuli/group1-block1/real-group1-b1/Group1_IMG_0022.jpg,real,0.20750000000000002,0.13499999999999998,0.23666666666666666
6,encoded_Group2_IMG_0386.jpg,Group1-stimuli/group1-block1/fake-group2-b1/encoded_Group2_IMG_0386.jpg,fake,0.3183333333333333,0.19083333333333333,0.30666666666666664
7,Group1_IMG_9704.jpg,Group1-stimuli/group1-block1/real-group1-b1/Group1_IMG_9704.jpg,real,0.09166666666666666,0.016666666666666666,0.08499999999999999
8,Group1_IMG_0406.jpg,Group1-stimuli/group1-block1/real-group1-b1/Group1_IMG_0406.jpg,real,0.2841666666666667,0.15333333333333332,0.22166666666666668
9,encoded_Group2_IMG_0364.jpg,Group1-stimuli/group1-block1/fake-group2-b1/encoded_Group2_IMG_0364.jpg,fake,0.05833333333333333,0.03333333333333333,0.05166666666666667
10,encoded_Group2_IMG_0407.jpg,Group1-stimuli/group1-block1/fake-group2-b1/encoded_Group2_IMG_0407.jpg,fake,0.19916666666666666,0.11833333333333333,0.16166666666666668
11,Group1_IMG_0428.jpg,Group1-stimuli/group1-block1/real-group1-b1/Group1_IMG_0428.jpg,real,0.61,0.5391666666666667,0.41999999999999993
12,encoded_Group2_IMG_0474.jpg,Group1-stimuli/group1-block1/fake-group2-b1/encoded_Group2_IMG_0474.jpg,fake,0.041666666666666664,0.016666666666666666,0.03333333333333333
13,encoded_Group2_IMG_1506.jpg,Group1-stimuli/group1-block1/fake-group2-b1/encoded_Group2_IMG_1506.jpg,fake,0.72,0.6975,0.3383333333333333
14,Group1_IMG_9789.jpg,Group1-stimuli/group1-block1/real-group1-b1/Group1_IMG_9789.jpg,real,0.05833333333333333,0.008333333333333333,0.016666666666666666
15,Group1_IMG_9778.jpg,Group1-stimuli/group1-block1/real-group1-b1/Group1_IMG_9778.jpg,real,0.5416666666666667,0.4583333333333333,0.33833333333333326
16,Group1_IMG_9813.jpg,Group1-stimuli/group1-block1/real-group1-b1/Group1_IMG_9813.jpg,real,0.03333333333333333,0.008333333333333333,0.05
17,Group1_IMG_0516.jpg,Group1-stimuli/group1-block1/real-group1-b1/Group1_IMG_0516.jpg,real,0.6383333333333333,0.4608333333333333,0.5900000000000001
18,encoded_Group2_IMG_0038.jpg,Group1-stimuli/group1-block1/fake-group2-b1/encoded_Group2_IMG_0038.jpg,fake,0.41,0.2308333333333333,0.28833333333333333
19,Group1_IMG_5984.jpg,Group1-stimuli/group1-block1/real-group1-b1/Group1_IMG_5984.jpg,real,0.058333333333333334,0.041666666666666664,0.06
20,Group1_IMG_0383.jpg,Group1-stimuli/group1-block1/real-group1-b1/Group1_IMG_0383.jpg,real,0.5766666666666668,0.40666666666666673,0.6216666666666665
21,encoded_Group2_IMG_0456.jpg,Group1-stimuli/group1-block1/fake-group2-b1/encoded_Group2_IMG_0456.jpg,fake,0.5433333333333333,0.3375,0.34500000000000003
22,encoded_Group2_IMG_8390.jpg,Group1-stimuli/group1-block1/fake-group2-b1/encoded_Group2_IMG_8390.jpg,fake,0.5475000000000001,0.38333333333333336,0.6983333333333335
23,Group1_IMG_0011.jpg,Group1-stimuli/group1-block1/real-group1-b1/Group1_IMG_0011.jpg,real,0.5666666666666667,0.4708333333333333,0.48500000000000004
24,encoded_Group2_IMG_0328.jpg,Group1-stimuli/group1-block1/fake-group2-b1/encoded_Group2_IMG_0328.jpg,fake,0.06833333333333333,0.025,0.09333333333333332
25,encoded_Group2_IMG_0163.jpg,Group1-stimuli/group1-block1/fake-group2-b1/encoded_Group2_IMG_0163.jpg,fake,0.7458333333333333,0.7258333333333333,0.4966666666666667
26,Group1_IMG_9862.jpg,Group1-stimuli/group1-block1/real-group1-b1/Group1_IMG_9862.jpg,real,0.06,0.041666666666666664,0.043333333333333335
27,encoded_Group2_IMG_0296.jpg,Group1-stimuli/group1-block1/fake-group2-b1/encoded_Group2_IMG_0296.jpg,fake,0.7108333333333333,0.575,0.5683333333333334
28,encoded_Group2_IMG_0503.jpg,Group1-stimuli/group1-block1/fake-group2-b1/encoded_Group2_IMG_0503.jpg,fake,0.7124999999999999,0.6358333333333334,0.6666666666666667
29,encoded_Group2_IMG_9804.jpg,Group1-stimuli/group1-block1/fake-group2-b1/encoded_Group2_IMG_9804.jpg,fake,0.016666666666666666,0.008333333333333333,0.03333333333333333
30,Group1_IMG_0391.jpg,Group1-stimuli/group1-block1/real-group1-b1/Group1_IMG_0391.jpg,real,0.4758333333333334,0.2875,0.23666666666666664
31,encoded_Group2_IMG_3584.jpg,Group1-stimuli/group1-block1/fake-group2-b1/encoded_Group2_IMG_3584.jpg,fake,0.5483333333333333,0.365,0.32999999999999996
32,encoded_Group2_IMG_0434.jpg,Group1-stimuli/group1-block1/fake-group2-b1/encoded_Group2_IMG_0434.jpg,fake,0.8408333333333333,0.7616666666666668,0.7066666666666666
33,encoded_Group2_IMG_9575.jpg,Group1-stimuli/group1-block1/fake-group2-b1/encoded_Group2_IMG_9575.jpg,fake,0.2225,0.15166666666666667,0.17666666666666667
34,encoded_Group2_IMG_1025.jpg,Group1-stimuli/group1-block1/fake-group2-b1/encoded_Group2_IMG_1025.jpg,fake,0.008333333333333333,0.008333333333333333,0.03333333333333333
35,Group1_IMG_0502.jpg,Group1-stimuli/group1-block1/real-group1-b1/Group1_IMG_0502.jpg,real,0.7608333333333334,0.6424999999999998,0.7233333333333333
36,Group1_IMG_0182.jpg,Group1-stimuli/group1-block1/real-group1-b1/Group1_IMG_0182.jpg,real,0.8816666666666666,0.8166666666666668,0.535
37,encoded_Group2_IMG_2728.jpg,Group1-stimuli/group1-block1/fake-group2-b1/encoded_Group2_IMG_2728.jpg,fake,0.14499999999999996,0.058333333333333334,0.08499999999999999
38,encoded_Group2_IMG_4867.jpg,Group1-stimuli/group1-block1/fake-group2-b1/encoded_Group2_IMG_4867.jpg,fake,0.6891666666666667,0.5291666666666666,0.6516666666666667
39,Group1_IMG_9894.jpg,Group1-stimuli/group1-block1/real-group1-b1/Group1_IMG_9894.jpg,real,0.016666666666666666,0.025,0.016666666666666666
40,encoded_Group2_IMG_0444.jpg,Group1-stimuli/group1-block1/fake-group2-b1/encoded_Group2_IMG_0444.jpg,fake,0.45,0.25999999999999995,0.185
41,Group1_IMG_2656.jpg,Group1-stimuli/group1-block1/real-group1-b1/Group1_IMG_2656.jpg,real,0.10166666666666666,0.058333333333333334,0.07666666666666666
42,Group1_IMG_0207.jpg,Group1-stimuli/group1-block1/real-group1-b1/Group1_IMG_0207.jpg,real,0.08499999999999999,0.03333333333333333,0.08333333333333333
43,Group1_IMG_9638.jpg,Group1-stimuli/group1-block1/real-group1-b1/Group1_IMG_9638.jpg,real,0.6533333333333333,0.5725,0.7566666666666667
44,Group1_IMG_0148.jpg,Group1-stimuli/group1-block1/real-group1-b1/Group1_IMG_0148.jpg,real,0.8949999999999999,0.8816666666666666,0.575
45,Group1_IMG_2891.jpg,Group1-stimuli/group1-block1/real-group1-b1/Group1_IMG_2891.jpg,real,0.16333333333333333,0.049999999999999996,0.15333333333333335
46,Group1_IMG_0157.jpg,Group1-stimuli/group1-block1/real-group1-b1/Group1_IMG_0157.jpg,real,0.6725,0.6258333333333332,0.6366666666666666
47,Group1_IMG_9833.jpg,Group1-stimuli/group1-block1/real-group1-b1/Group1_IMG_9833.jpg,real,0.049999999999999996,0.016666666666666666,0.03333333333333333
48,encoded_Group2_IMG_2230.jpg,Group1-stimuli/group1-block1/fake-group2-b1/encoded_Group2_IMG_2230.jpg,fake,0.6125,0.5716666666666667,0.48999999999999994
49,Group1_IMG_9966.jpg,Group1-stimuli/group1-block1/real-group1-b1/Group1_IMG_9966.jpg,real,0.5766666666666668,0.4541666666666667,0.79
50,Group1_IMG_0239.jpg,Group1-stimuli/group1-block1/real-group1-b1/Group1_IMG_0239.jpg,real,0.10166666666666666,0.041666666666666664,0.10999999999999999
51,encoded_Group2_IMG_0536.jpg,Group1-stimuli/group1-block1/fake-group2-b1/encoded_Group2_IMG_0536.jpg,fake,0.041666666666666664,0.025,0.03333333333333333
52,encoded_Group2_IMG_0521.jpg,Group1-stimuli/group1-block1/fake-group2-b1/encoded_Group2_IMG_0521.jpg,fake,0.5133333333333333,0.39916666666666667,0.4333333333333333
53,encoded_Group2_IMG_9924.jpg,Group1-stimuli/group1-block1/fake-group2-b1/encoded_Group2_IMG_9924.jpg,fake,0.041666666666666664,0.008333333333333333,0.05166666666666666
54,Group1_IMG_9730.jpg,Group1-stimuli/group1-block1/real-group1-b1/Group1_IMG_9730.jpg,real,0.8691666666666666,0.8633333333333333,0.43
55,Group1_IMG_0053.jpg,Group1-stimuli/group1-block1/real-group1-b1/Group1_IMG_0053.jpg,real,0.041666666666666664,0.008333333333333333,0.03333333333333333
56,Group1_IMG_9698.jpg,Group1-stimuli/group1-block1/real-group1-b1/Group1_IMG_9698.jpg,real,0.016666666666666666,0.0,0.06666666666666667
57,encoded_Group2_IMG_0553.jpg,Group1-stimuli/group1-block1/fake-group2-b1/encoded_Group2_IMG_0553.jpg,fake,0.03333333333333333,0.016666666666666666,0.058333333333333334
58,encoded_Group2_IMG_9758.jpg,Group1-stimuli/group1-block1/fake-group2-b1/encoded_Group2_IMG_9758.jpg,fake,0.6516666666666667,0.595,0.45666666666666655
59,encoded_Group2_IMG_0339.jpg,Group1-stimuli/group1-block1/fake-group2-b1/encoded_Group2_IMG_0339.jpg,fake,0.11833333333333332,0.075,0.14333333333333334
60,Group1_IMG_0314.jpg,Group1-stimuli/group1-block1/real-group1-b1/Group1_IMG_0314.jpg,real,0.06833333333333333,0.049999999999999996,0.11166666666666665
61,encoded_Group2_IMG_0532.jpg,Group1-stimuli/group1-block1/fake-group2-b1/encoded_Group2_IMG_0532.jpg,fake,0.48,0.32999999999999996,0.44333333333333336
62,encoded_Group2_IMG_0462.jpg,Group1-stimuli/group1-block1/fake-group2-b1/encoded_Group2_IMG_0462.jpg,fake,0.6175,0.5466666666666666,0.4616666666666666
63,Group1_IMG_0172.jpg,Group1-stimuli/group1-block1/real-group1-b1/Group1_IMG_0172.jpg,real,0.06666666666666667,0.06666666666666667,0.07666666666666666
64,Group1_IMG_4841.jpg,Group1-stimuli/group1-block1/real-group1-b1/Group1_IMG_4841.jpg,real,0.7708333333333334,0.6816666666666666,0.785
65,encoded_Group2_IMG_0352.jpg,Group1-stimuli/group1-block1/fake-group2-b1/encoded_Group2_IMG_0352.jpg,fake,0.025,0.03333333333333333,0.06
66,encoded_Group2_IMG_9726.jpg,Group1-stimuli/group1-block1/fake-group2-b1/encoded_Group2_IMG_9726.jpg,fake,0.7841666666666667,0.7625,0.4299999999999999
67,encoded_Group2_IMG_9785.jpg,Group1-stimuli/group1-block1/fake-group2-b1/encoded_Group2_IMG_9785.jpg,fake,0.5525,0.3858333333333333,0.4249999999999998
68,encoded_Group2_IMG_0440.jpg,Group1-stimuli/group1-block1/fake-group2-b1/encoded_Group2_IMG_0440.jpg,fake,0.7583333333333334,0.6291666666666667,0.35333333333333333
69,encoded_Group2_IMG_1695.jpg,Group1-stimuli/group1-block1/fake-group2-b1/encoded_Group2_IMG_1695.jpg,fake,0.049999999999999996,0.03333333333333333,0.075
70,Group1_IMG_0552.jpg,Group1-stimuli/group1-block1/real-group1-b1/Group1_IMG_0552.jpg,real,0.06,0.008333333333333333,0.06
71,Group1_IMG_1029.jpg,Group1-stimuli/group1-block1/real-group1-b1/Group1_IMG_1029.jpg,real,0.5299999999999999,0.3425,0.3583333333333333
72,encoded_Group2_IMG_6517.jpg,Group1-stimuli/group1-block1/fake-group2-b1/encoded_Group2_IMG_6517.jpg,fake,0.041666666666666664,0.025,0.06
73,encoded_Group2_IMG_0002.jpg,Group1-stimuli/group1-block1/fake-group2-b1/encoded_Group2_IMG_0002.jpg,fake,0.4333333333333334,0.31166666666666665,0.3916666666666667
74,Group1_IMG_0495.jpg,Group1-stimuli/group1-block1/real-group1-b1/Group1_IMG_0495.jpg,real,0.008333333333333333,0.0,0.05
75,Group1_IMG_1391.jpg,Group1-stimuli/group1-block1/real-group1-b1/Group1_IMG_1391.jpg,real,0.5216666666666667,0.3675,0.45833333333333337
76,Group1_IMG_0343.jpg,Group1-stimuli/group1-block1/real-group1-b1/Group1_IMG_0343.jpg,real,0.085,0.016666666666666666,0.06833333333333333
77,encoded_Group2_IMG_9810.jpg,Group1-stimuli/group1-block1/fake-group2-b1/encoded_Group2_IMG_9810.jpg,fake,0.03333333333333333,0.025,0.008333333333333333
78,encoded_Group2_IMG_5900.jpg,Group1-stimuli/group1-block1/fake-group2-b1/encoded_Group2_IMG_5900.jpg,fake,0.11833333333333332,0.041666666666666664,0.12166666666666667
79,Group1_IMG_9679.jpg,Group1-stimuli/group1-block1/real-group1-b1/Group1_IMG_9679.jpg,real,0.008333333333333333,0.008333333333333333,0.05
80,encoded_Group2_IMG_4249.jpg,Group1-stimuli/group1-block1/fake-group2-b1/encoded_Group2_IMG_4249.jpg,fake,0.7383333333333333,0.7416666666666668,0.4149999999999999
81,encoded_Group2_IMG_0174.jpg,Group1-stimuli/group1-block1/fake-group2-b1/encoded_Group2_IMG_0174.jpg,fake,0.1633333333333333,0.06,0.14333333333333334
82,encoded_Group2_IMG_0475.jpg,Group1-stimuli/group1-block1/fake-group2-b1/encoded_Group2_IMG_0475.jpg,fake,0.05,0.016666666666666666,0.025
83,encoded_Group2_IMG_9751.jpg,Group1-stimuli/group1-block1/fake-group2-b1/encoded_Group2_IMG_9751.jpg,fake,0.5616666666666666,0.4966666666666667,0.4083333333333333
84,encoded_Group2_IMG_0492.jpg,Group1-stimuli/group1-block1/fake-group2-b1/encoded_Group2_IMG_0492.jpg,fake,0.016666666666666666,0.016666666666666666,0.016666666666666666
85,Group1_IMG_0535.jpg,Group1-stimuli/group1-block1/real-group1-b1/Group1_IMG_0535.jpg,real,0.11000000000000001,0.05833333333333333,0.06833333333333333
86,Group1_IMG_0077.jpg,Group1-stimuli/group1-block1/real-group1-b1/Group1_IMG_0077.jpg,real,0.6375,0.5400000000000001,0.6716666666666666
87,encoded_Group2_IMG_9702.jpg,Group1-stimuli/group1-block1/fake-group2-b1/encoded_Group2_IMG_9702.jpg,fake,0.075,0.016666666666666666,0.05833333333333333
88,Group1_IMG_0357.jpg,Group1-stimuli/group1-block1/real-group1-b1/Group1_IMG_0357.jpg,real,0.06833333333333333,0.016666666666666666,0.09333333333333332
89,Group1_IMG_9772.jpg,Group1-stimuli/group1-block1/real-group1-b1/Group1_IMG_9772.jpg,real,0.6866666666666668,0.6683333333333334,0.5349999999999999
90,Group1_IMG_0482.jpg,Group1-stimuli/group1-block1/real-group1-b1/Group1_IMG_0482.jpg,real,0.03333333333333333,0.016666666666666666,0.06666666666666667
91,Group1_IMG_0299.jpg,Group1-stimuli/group1-block1/real-group1-b1/Group1_IMG_0299.jpg,real,0.7775000000000001,0.76,0.6216666666666667
92,encoded_Group2_IMG_0301.jpg,Group1-stimuli/group1-block1/fake-group2-b1/encoded_Group2_IMG_0301.jpg,fake,0.6508333333333334,0.5691666666666667,0.6050000000000001
93,encoded_Group2_IMG_5136.jpg,Group1-stimuli/group1-block1/fake-group2-b1/encoded_Group2_IMG_5136.jpg,fake,0.6908333333333333,0.5658333333333334,0.7783333333333335
94,Group1_IMG_0460.jpg,Group1-stimuli/group1-block1/real-group1-b1/Group1_IMG_0460.jpg,real,0.7333333333333334,0.6366666666666666,0.4083333333333333
95,encoded_Group2_IMG_0068.jpg,Group1-stimuli/group1-block1/fake-group2-b1/encoded_Group2_IMG_0068.jpg,fake,0.7183333333333335,0.5966666666666667,0.7033333333333334
96,Group1_IMG_0337.jpg,Group1-stimuli/group1-block1/real-group1-b1/Group1_IMG_0337.jpg,real,0.10166666666666666,0.03333333333333333,0.12
97,encoded_Group2_IMG_0346.jpg,Group1-stimuli/group1-block1/fake-group2-b1/encoded_Group2_IMG_0346.jpg,fake,0.05833333333333333,0.025,0.043333333333333335
98,Group1_IMG_4253.jpg,Group1-stimuli/group1-block1/real-group1-b1/Group1_IMG_4253.jpg,real,0.7608333333333334,0.6691666666666668,0.5116666666666666
99,encoded_Group2_IMG_9280.jpg,Group1-stimuli/group1-block1/fake-group2-b1/encoded_Group2_IMG_9280.jpg,fake,0.525,0.4,0.695
100,Group1_IMG_0417.jpg,Group1-stimuli/group1-block1/real-group1-b1/Group1_IMG_0417.jpg,real,0.4416666666666666,0.30083333333333334,0.185
101,encoded_Group2_IMG_9695.jpg,Group1-stimuli/group1-block1/fake-group2-b1/encoded_Group2_IMG_9695.jpg,fake,0.016666666666666666,0.016666666666666666,0.05
102,Group1_IMG_1160.jpg,Group1-stimuli/group1-block1/real-group1-b1/Group1_IMG_1160.jpg,real,0.6216666666666667,0.4774999999999999,0.5166666666666666
103,Group1_IMG_0448.jpg,Group1-stimuli/group1-block1/real-group1-b1/Group1_IMG_0448.jpg,real,0.53,0.38749999999999996,0.3566666666666667
104,encoded_Group2_IMG_0393.jpg,Group1-stimuli/group1-block1/fake-group2-b1/encoded_Group2_IMG_0393.jpg,fake,0.5566666666666666,0.38333333333333336,0.39333333333333337
105,Group1_IMG_0090.jpg,Group1-stimuli/group1-block1/real-group1-b1/Group1_IMG_0090.jpg,real,0.008333333333333333,0.0,0.05
106,Group1_IMG_0310.jpg,Group1-stimuli/group1-block1/real-group1-b1/Group1_IMG_0310.jpg,real,0.05166666666666666,0.025,0.041666666666666664
107,encoded_Group2_IMG_0528.jpg,Group1-stimuli/group1-block1/fake-group2-b1/encoded_Group2_IMG_0528.jpg,fake,0.4416666666666666,0.26583333333333337,0.32999999999999996
108,encoded_Group2_IMG_1975.jpg,Group1-stimuli/group1-block1/fake-group2-b1/encoded_Group2_IMG_1975.jpg,fake,0.10166666666666666,0.041666666666666664,0.12
109,encoded_Group2_IMG_0052.jpg,Group1-stimuli/group1-block1/fake-group2-b1/encoded_Group2_IMG_0052.jpg,fake,0.008333333333333333,0.0,0.03333333333333333
110,encoded_Group2_IMG_0225.jpg,Group1-stimuli/group1-block1/fake-group2-b1/encoded_Group2_IMG_0225.jpg,fake,0.47833333333333333,0.35083333333333333,0.34
111,Group1_IMG_2231.jpg,Group1-stimuli/group1-block1/real-group1-b1/Group1_IMG_2231.jpg,real,0.67,0.5241666666666666,0.5766666666666667
112,Group1_IMG_0217.jpg,Group1-stimuli/group1-block1/real-group1-b1/Group1_IMG_0217.jpg,real,0.6108333333333332,0.4591666666666666,0.46833333333333327
113,Group1_IMG_0264.jpg,Group1-stimuli/group1-block1/real-group1-b1/Group1_IMG_0264.jpg,real,0.8375,0.7291666666666667,0.6433333333333333
114,encoded_Group2_IMG_0254.jpg,Group1-stimuli/group1-block1/fake-group2-b1/encoded_Group2_IMG_0254.jpg,fake,0.06666666666666667,0.03333333333333333,0.07666666666666666
115,encoded_Group2_IMG_5433.jpg,Group1-stimuli/group1-block1/fake-group2-b1/encoded_Group2_IMG_5433.jpg,fake,0.008333333333333333,0.008333333333333333,0.025
116,Group1_IMG_0252.jpg,Group1-stimuli/group1-block1/real-group1-b1/Group1_IMG_0252.jpg,real,0.14916666666666667,0.075,0.11833333333333333
117,Group1_IMG_9720.jpg,Group1-stimuli/group1-block1/real-group1-b1/Group1_IMG_9720.jpg,real,0.6966666666666668,0.6533333333333334,0.5683333333333331
118,encoded_Group2_IMG_0550.jpg,Group1-stimuli/group1-block1/fake-group2-b1/encoded_Group2_IMG_0550.jpg,fake,0.041666666666666664,0.03333333333333333,0.05833333333333333
119,Group1_IMG_9915.jpg,Group1-stimuli/group1-block1/real-group1-b1/Group1_IMG_9915.jpg,real,0.03333333333333333,0.0,0.034999999999999996
120,Group1_IMG_9850.jpg,Group1-stimuli/group1-block1/real-group1-b1/Group1_IMG_9850.jpg,real,0.008333333333333333,0.008333333333333333,0.05166666666666666
121,Group1_IMG_3579.jpg,Group1-stimuli/group1-block1/real-group1-b1/Group1_IMG_3579.jpg,real,0.5691666666666666,0.4375,0.49833333333333324
122,encoded_Group2_IMG_0377.jpg,Group1-stimuli/group1-block1/fake-group2-b1/encoded_Group2_IMG_0377.jpg,fake,0.041666666666666664,0.025,0.025
123,Group1_IMG_0469.jpg,Group1-stimuli/group1-block1/real-group1-b1/Group1_IMG_0469.jpg,real,0.016666666666666666,0.0,0.016666666666666666
124,encoded_Group2_IMG_0100.jpg,Group1-stimuli/group1-block1/fake-group2-b1/encoded_Group2_IMG_0100.jpg,fake,0.10416666666666666,0.0625,0.06
125,Group1_IMG_5359.jpg,Group1-stimuli/group1-block1/real-group1-b1/Group1_IMG_5359.jpg,real,0.41583333333333333,0.21166666666666667,0.295
126,encoded_Group2_IMG_0304.jpg,Group1-stimuli/group1-block1/fake-group2-b1/encoded_Group2_IMG_0304.jpg,fake,0.655,0.46749999999999997,0.46833333333333327
127,Group1_IMG_0306.jpg,Group1-stimuli/group1-block1/real-group1-b1/Group1_IMG_0306.jpg,real,0.7175,0.625,0.47833333333333333
128,Group1_IMG_0224.jpg,Group1-stimuli/group1-block1/real-group1-b1/Group1_IMG_0224.jpg,real,0.5633333333333332,0.41916666666666663,0.3733333333333333
129,Group1_IMG_9889.jpg,Group1-stimuli/group1-block1/real-group1-b1/Group1_IMG_9889.jpg,real,0.025,0.025,0.07666666666666666
130,Group1_IMG_0293.jpg,Group1-stimuli/group1-block1/real-group1-b1/Group1_IMG_0293.jpg,real,0.0,0.008333333333333333,0.06
131,encoded_Group2_IMG_0321.jpg,Group1-stimuli/group1-block1/fake-group2-b1/encoded_Group2_IMG_0321.jpg,fake,0.11416666666666667,0.041666666666666664,0.06
132,encoded_Group2_IMG_0400.jpg,Group1-stimuli/group1-block1/fake-group2-b1/encoded_Group2_IMG_0400.jpg,fake,0.4999999999999999,0.3608333333333334,0.33333333333333337
133,encoded_Group2_IMG_0443.jpg,Group1-stimuli/group1-block1/fake-group2-b1/encoded_Group2_IMG_0443.jpg,fake,0.7525,0.64,0.5116666666666666
134,encoded_Group2_IMG_0542.jpg,Group1-stimuli/group1-block1/fake-group2-b1/encoded_Group2_IMG_0542.jpg,fake,0.049999999999999996,0.008333333333333333,0.041666666666666664
135,Group1_IMG_0885.jpg,Group1-stimuli/group1-block1/real-group1-b1/Group1_IMG_0885.jpg,real,0.875,0.8116666666666668,0.8350000000000002
136,Group1_IMG_0375.jpg,Group1-stimuli/group1-block1/real-group1-b1/Group1_IMG_0375.jpg,real,0.008333333333333333,0.0,0.058333333333333334
137,encoded_Group2_IMG_7351.jpg,Group1-stimuli/group1-block1/fake-group2-b1/encoded_Group2_IMG_7351.jpg,fake,0.5416666666666666,0.385,0.5566666666666666
138,encoded_Group2_IMG_0416.jpg,Group1-stimuli/group1-block1/fake-group2-b1/encoded_Group2_IMG_0416.jpg,fake,0.6166666666666667,0.4425,0.23500000000000001
139,encoded_Group2_IMG_0139.jpg,Group1-stimuli/group1-block1/fake-group2-b1/encoded_Group2_IMG_0139.jpg,fake,0.008333333333333333,0.016666666666666666,0.008333333333333333
140,Group1_IMG_9677.jpg,Group1-stimuli/group1-block1/real-group1-b1/Group1_IMG_9677.jpg,real,0.12833333333333333,0.041666666666666664,0.09333333333333334
141,encoded_Group2_IMG_5982.jpg,Group1-stimuli/group1-block1/fake-group2-b1/encoded_Group2_IMG_5982.jpg,fake,0.05,0.025,0.06
142,encoded_Group2_IMG_1144.jpg,Group1-stimuli/group1-block1/fake-group2-b1/encoded_Group2_IMG_1144.jpg,fake,0.7174999999999999,0.6325000000000001,0.6633333333333333
143,encoded_Group2_IMG_0315.jpg,Group1-stimuli/group1-block1/fake-group2-b1/encoded_Group2_IMG_0315.jpg,fake,0.18666666666666668,0.08333333333333334,0.12666666666666665
144,Group1_IMG_130.jpg,Group1-stimuli/group1-block1/real-group1-b1/Group1_IMG_130.jpg,real,0.8808333333333334,0.8508333333333333,0.5933333333333333
145,Group1_IMG_0024.jpg,Group1-stimuli/group1-block1/real-group1-b1/Group1_IMG_0024.jpg,real,0.7116666666666667,0.5433333333333332,0.7150000000000001
146,encoded_Group2_IMG_5012.jpg,Group1-stimuli/group1-block1/fake-group2-b1/encoded_Group2_IMG_5012.jpg,fake,0.3808333333333333,0.22166666666666668,0.2033333333333333
147,encoded_Group2_IMG_0209.jpg,Group1-stimuli/group1-block1/fake-group2-b1/encoded_Group2_IMG_0209.jpg,fake,0.025,0.025,0.05833333333333333
148,Group1_IMG_0373.jpg,Group1-stimuli/group1-block1/real-group1-b1/Group1_IMG_0373.jpg,real,0.07666666666666666,0.03333333333333333,0.06833333333333333
149,Group1_IMG_5899.jpg,Group1-stimuli/group1-block1/real-group1-b1/Group1_IMG_5899.jpg,real,0.12,0.08333333333333333,0.16166666666666665
150,Group1_IMG_0162.jpg,Group1-stimuli/group1-block1/real-group1-b1/Group1_IMG_0162.jpg,real,0.7608333333333334,0.7166666666666667,0.6466666666666667
151,Group1_IMG_0543.jpg,Group1-stimuli/group1-block1/real-group1-b1/Group1_IMG_0543.jpg,real,0.09333333333333332,0.049999999999999996,0.08333333333333333
152,encoded_Group2_IMG_0355.jpg,Group1-stimuli/group1-block1/fake-group2-b1/encoded_Group2_IMG_0355.jpg,fake,0.12833333333333333,0.05166666666666666,0.16999999999999998
153,Group1_IMG_9765.jpg,Group1-stimuli/group1-block1/real-group1-b1/Group1_IMG_9765.jpg,real,0.7,0.6258333333333332,0.5516666666666667
154,encoded_Group2_IMG_1378.jpg,Group1-stimuli/group1-block1/fake-group2-b1/encoded_Group2_IMG_1378.jpg,fake,0.6458333333333333,0.4866666666666667,0.585
155,encoded_Group2_IMG_0155.jpg,Group1-stimuli/group1-block2/fake-group2-b2/encoded_Group2_IMG_0155.jpg,fake,0.7633333333333333,0.6275000000000001,0.5733333333333334
156,Group1_IMG_0519.jpg,Group1-stimuli/group1-block2/real-group1-b2/Group1_IMG_0519.jpg,real,0.4575,0.3691666666666667,0.46333333333333326
157,encoded_Group2_IMG_0135.jpg,Group1-stimuli/group1-block2/fake-group2-b2/encoded_Group2_IMG_0135.jpg,fake,0.05,0.008333333333333333,0.041666666666666664
158,Group1_IMG_5310.jpg,Group1-stimuli/group1-block2/real-group1-b2/Group1_IMG_5310.jpg,real,0.6950000000000001,0.6258333333333334,0.7416666666666667
159,Group1_IMG_0522.jpg,Group1-stimuli/group1-block2/real-group1-b2/Group1_IMG_0522.jpg,real,0.6066666666666667,0.5291666666666668,0.5549999999999999
160,encoded_Group2_IMG_0484.jpg,Group1-stimuli/group1-block2/fake-group2-b2/encoded_Group2_IMG_0484.jpg,fake,0.06666666666666667,0.025,0.05833333333333333
161,encoded_Group2_IMG_5948.jpg,Group1-stimuli/group1-block2/fake-group2-b2/encoded_Group2_IMG_5948.jpg,fake,0.016666666666666666,0.03333333333333333,0.03333333333333333
162,encoded_Group2_IMG_3591.jpg,Group1-stimuli/group1-block2/fake-group2-b2/encoded_Group2_IMG_3591.jpg,fake,0.11166666666666666,0.08333333333333333,0.10999999999999999
163,Group1_IMG_9835.jpg,Group1-stimuli/group1-block2/real-group1-b2/Group1_IMG_9835.jpg,real,0.0,0.0,0.025
164,Group1_IMG_0556.jpg,Group1-stimuli/group1-block2/real-group1-b2/Group1_IMG_0556.jpg,real,0.12833333333333333,0.08333333333333333,0.15166666666666667
165,encoded_Group2_IMG_9736.jpg,Group1-stimuli/group1-block2/fake-group2-b2/encoded_Group2_IMG_9736.jpg,fake,0.7666666666666667,0.6908333333333334,0.5533333333333335
166,Group1_IMG_9867.jpg,Group1-stimuli/group1-block2/real-group1-b2/Group1_IMG_9867.jpg,real,0.041666666666666664,0.025,0.07666666666666666
167,encoded_Group2_IMG_9886.jpg,Group1-stimuli/group1-block2/fake-group2-b2/encoded_Group2_IMG_9886.jpg,fake,0.05166666666666666,0.025,0.09333333333333334
168,encoded_Group2_IMG_2245.jpg,Group1-stimuli/group1-block2/fake-group2-b2/encoded_Group2_IMG_2245.jpg,fake,0.5933333333333334,0.425,0.5516666666666666
169,encoded_Group2_IMG_0507.jpg,Group1-stimuli/group1-block2/fake-group2-b2/encoded_Group2_IMG_0507.jpg,fake,0.6066666666666667,0.4666666666666666,0.585
170,encoded_Group2_IMG_0338.jpg,Group1-stimuli/group1-block2/fake-group2-b2/encoded_Group2_IMG_0338.jpg,fake,0.07666666666666666,0.06666666666666667,0.08499999999999999
171,Group1_IMG_0376.jpg,Group1-stimuli/group1-block2/real-group1-b2/Group1_IMG_0376.jpg,real,0.041666666666666664,0.041666666666666664,0.09166666666666667
172,Group1_IMG_9821.jpg,Group1-stimuli/group1-block2/real-group1-b2/Group1_IMG_9821.jpg,real,0.025,0.025,0.03333333333333333
173,encoded_Group2_IMG_0388.jpg,Group1-stimuli/group1-block2/fake-group2-b2/encoded_Group2_IMG_0388.jpg,fake,0.6000000000000001,0.48249999999999993,0.5466666666666666
174,encoded_Group2_IMG_0222.jpg,Group1-stimuli/group1-block2/fake-group2-b2/encoded_Group2_IMG_0222.jpg,fake,0.6308333333333332,0.5433333333333333,0.4083333333333333
175,encoded_Group2_IMG_2215.jpg,Group1-stimuli/group1-block2/fake-group2-b2/encoded_Group2_IMG_2215.jpg,fake,0.2033333333333333,0.11666666666666667,0.2533333333333333
176,Group1_IMG_9760.jpg,Group1-stimuli/group1-block2/real-group1-b2/Group1_IMG_9760.jpg,real,0.6933333333333334,0.6133333333333333,0.48999999999999994
177,Group1_IMG_9897.jpg,Group1-stimuli/group1-block2/real-group1-b2/Group1_IMG_9897.jpg,real,0.008333333333333333,0.0,0.08499999999999999
178,Group1_IMG_4250.jpg,Group1-stimuli/group1-block2/real-group1-b2/Group1_IMG_4250.jpg,real,0.7825,0.7375,0.5000000000000001
179,Group1_IMG_2244.jpg,Group1-stimuli/group1-block2/real-group1-b2/Group1_IMG_2244.jpg,real,0.6933333333333334,0.4875,0.6783333333333333
180,encoded_Group2_IMG_0501.jpg,Group1-stimuli/group1-block2/fake-group2-b2/encoded_Group2_IMG_0501.jpg,fake,0.6041666666666666,0.4708333333333333,0.575
181,Group1_IMG_9684.jpg,Group1-stimuli/group1-block2/real-group1-b2/Group1_IMG_9684.jpg,real,0.008333333333333333,0.0,0.058333333333333334
182,Group1_IMG_1039.jpg,Group1-stimuli/group1-block2/real-group1-b2/Group1_IMG_1039.jpg,real,0.7250000000000001,0.6224999999999999,0.7066666666666667
183,encoded_Group2_IMG_0251.jpg,Group1-stimuli/group1-block2/fake-group2-b2/encoded_Group2_IMG_0251.jpg,fake,0.05833333333333333,0.03333333333333333,0.07666666666666666
184,Group1_IMG_9692.jpg,Group1-stimuli/group1-block2/real-group1-b2/Group1_IMG_9692.jpg,real,0.058333333333333334,0.008333333333333333,0.03333333333333333
185,Group1_IMG_0512.jpg,Group1-stimuli/group1-block2/real-group1-b2/Group1_IMG_0512.jpg,real,0.615,0.465,0.6116666666666666
186,encoded_Group2_IMG_9673.jpg,Group1-stimuli/group1-block2/fake-group2-b2/encoded_Group2_IMG_9673.jpg,fake,0.05,0.03333333333333333,0.06
187,encoded_Group2_IMG_5135.jpg,Group1-stimuli/group1-block2/fake-group2-b2/encoded_Group2_IMG_5135.jpg,fake,0.6291666666666667,0.5458333333333334,0.6900000000000001
188,Group1_IMG_0396.jpg,Group1-stimuli/group1-block2/real-group1-b2/Group1_IMG_0396.jpg,real,0.5383333333333333,0.43583333333333335,0.4416666666666667
189,Group1_IMG_4919.jpg,Group1-stimuli/group1-block2/real-group1-b2/Group1_IMG_4919.jpg,real,0.5441666666666667,0.41916666666666663,0.3466666666666666
190,Group1_IMG_0449.jpg,Group1-stimuli/group1-block2/real-group1-b2/Group1_IMG_0449.jpg,real,0.5466666666666666,0.4625,0.4683333333333334
191,encoded_Group2_IMG_0539.jpg,Group1-stimuli/group1-block2/fake-group2-b2/encoded_Group2_IMG_0539.jpg,fake,0.1,0.09166666666666666,0.06833333333333333
192,Group1_IMG_0453.jpg,Group1-stimuli/group1-block2/real-group1-b2/Group1_IMG_0453.jpg,real,0.5866666666666667,0.4708333333333333,0.47333333333333333
193,encoded_Group2_IMG_0318.jpg,Group1-stimuli/group1-block2/fake-group2-b2/encoded_Group2_IMG_0318.jpg,fake,0.11666666666666667,0.07666666666666667,0.10999999999999999
194,Group1_IMG_1678.jpg,Group1-stimuli/group1-block2/real-group1-b2/Group1_IMG_1678.jpg,real,0.041666666666666664,0.041666666666666664,0.11000000000000001
195,encoded_Group2_IMG_0325.jpg,Group1-stimuli/group1-block2/fake-group2-b2/encoded_Group2_IMG_0325.jpg,fake,0.025,0.008333333333333333,0.025
196,encoded_Group2_IMG_9935.jpg,Group1-stimuli/group1-block2/fake-group2-b2/encoded_Group2_IMG_9935.jpg,fake,0.041666666666666664,0.016666666666666666,0.06
197,encoded_Group2_IMG_0308.jpg,Group1-stimuli/group1-block2/fake-group2-b2/encoded_Group2_IMG_0308.jpg,fake,0.6108333333333333,0.4875000000000001,0.5233333333333333
198,Group1_IMG_0467.jpg,Group1-stimuli/group1-block2/real-group1-b2/Group1_IMG_0467.jpg,real,0.6991666666666666,0.6258333333333334,0.495
199,encoded_Group2_IMG_9839.jpg,Group1-stimuli/group1-block2/fake-group2-b2/encoded_Group2_IMG_9839.jpg,fake,0.016666666666666666,0.008333333333333333,0.03333333333333333
200,encoded_Group2_IMG_9681.jpg,Group1-stimuli/group1-block2/fake-group2-b2/encoded_Group2_IMG_9681.jpg,fake,0.008333333333333333,0.008333333333333333,0.041666666666666664
201,encoded_Group2_IMG_0458.jpg,Group1-stimuli/group1-block2/fake-group2-b2/encoded_Group2_IMG_0458.jpg,fake,0.5625,0.3775,0.30500000000000005
202,Group1_IMG_1095.jpg,Group1-stimuli/group1-block2/real-group1-b2/Group1_IMG_1095.jpg,real,0.5441666666666667,0.43916666666666665,0.45666666666666655
203,encoded_Group2_IMG_9710.jpg,Group1-stimuli/group1-block2/fake-group2-b2/encoded_Group2_IMG_9710.jpg,fake,0.05166666666666666,0.041666666666666664,0.05
204,encoded_Group2_IMG_9819.jpg,Group1-stimuli/group1-block2/fake-group2-b2/encoded_Group2_IMG_9819.jpg,fake,0.041666666666666664,0.041666666666666664,0.05166666666666666
205,Group1_IMG_0064.jpg,Group1-stimuli/group1-block2/real-group1-b2/Group1_IMG_0064.jpg,real,0.7216666666666667,0.6358333333333335,0.7583333333333333
206,encoded_Group2_IMG_9756.jpg,Group1-stimuli/group1-block2/fake-group2-b2/encoded_Group2_IMG_9756.jpg,fake,0.5483333333333332,0.45833333333333337,0.46833333333333316
207,encoded_Group2_IMG_5888.jpg,Group1-stimuli/group1-block2/fake-group2-b2/encoded_Group2_IMG_5888.jpg,fake,0.2033333333333333,0.11666666666666665,0.16833333333333333
208,Group1_IMG_1476.jpg,Group1-stimuli/group1-block2/real-group1-b2/Group1_IMG_1476.jpg,real,0.6100000000000001,0.5575,0.7
209,Group1_IMG_1917.jpg,Group1-stimuli/group1-block2/real-group1-b2/Group1_IMG_1917.jpg,real,0.1283333333333333,0.06666666666666667,0.21333333333333332
210,Group1_IMG_0413.jpg,Group1-stimuli/group1-block2/real-group1-b2/Group1_IMG_0413.jpg,real,0.3625,0.195,0.2866666666666666
211,Group1_IMG_1001.jpg,Group1-stimuli/group1-block2/real-group1-b2/Group1_IMG_1001.jpg,real,0.7508333333333334,0.6858333333333333,0.7250000000000001
212,encoded_Group2_IMG_0441.jpg,Group1-stimuli/group1-block2/fake-group2-b2/encoded_Group2_IMG_0441.jpg,fake,0.7883333333333333,0.7041666666666667,0.6316666666666666
213,Group1_IMG_9774.jpg,Group1-stimuli/group1-block2/real-group1-b2/Group1_IMG_9774.jpg,real,0.5374999999999999,0.38083333333333336,0.47833333333333333
214,encoded_Group2_IMG_2751.jpg,Group1-stimuli/group1-block2/fake-group2-b2/encoded_Group2_IMG_2751.jpg,fake,0.06833333333333333,0.041666666666666664,0.06833333333333333
215,encoded_Group2_IMG_0409.jpg,Group1-stimuli/group1-block2/fake-group2-b2/encoded_Group2_IMG_0409.jpg,fake,0.26083333333333336,0.13333333333333333,0.16333333333333333
216,Group1_IMG_1346.jpg,Group1-stimuli/group1-block2/real-group1-b2/Group1_IMG_1346.jpg,real,0.6083333333333334,0.5075,0.605
217,Group1_IMG_0481.jpg,Group1-stimuli/group1-block2/real-group1-b2/Group1_IMG_0481.jpg,real,0.025,0.016666666666666666,0.09166666666666666
218,encoded_Group2_IMG_4718.jpg,Group1-stimuli/group1-block2/fake-group2-b2/encoded_Group2_IMG_4718.jpg,fake,0.37083333333333335,0.30083333333333334,0.21999999999999997
219,Group1_IMG_0540.jpg,Group1-stimuli/group1-block2/real-group1-b2/Group1_IMG_0540.jpg,real,0.16333333333333333,0.05833333333333333,0.12666666666666665
220,encoded_Group2_IMG_0166.jpg,Group1-stimuli/group1-block2/fake-group2-b2/encoded_Group2_IMG_0166.jpg,fake,0.6166666666666667,0.4958333333333334,0.6216666666666666
221,encoded_Group2_IMG_0412.jpg,Group1-stimuli/group1-block2/fake-group2-b2/encoded_Group2_IMG_0412.jpg,fake,0.18166666666666667,0.08333333333333334,0.2316666666666667
222,Group1_IMG_0485.jpg,Group1-stimuli/group1-block2/real-group1-b2/Group1_IMG_0485.jpg,real,0.05,0.008333333333333333,0.09166666666666667
223,encoded_Group2_IMG_1495.jpg,Group1-stimuli/group1-block2/fake-group2-b2/encoded_Group2_IMG_1495.jpg,fake,0.7216666666666668,0.6466666666666667,0.5216666666666666
224,Group1_IMG_0426.jpg,Group1-stimuli/group1-block2/real-group1-b2/Group1_IMG_0426.jpg,real,0.575,0.45583333333333337,0.4699999999999999
225,Group1_IMG_0349.jpg,Group1-stimuli/group1-block2/real-group1-b2/Group1_IMG_0349.jpg,real,0.05,0.05833333333333333,0.085
226,Group1_IMG_0414.jpg,Group1-stimuli/group1-block2/real-group1-b2/Group1_IMG_0414.jpg,real,0.2625,0.1433333333333333,0.21333333333333332
227,encoded_Group2_IMG_9856.jpg,Group1-stimuli/group1-block2/fake-group2-b2/encoded_Group2_IMG_9856.jpg,fake,0.1825,0.10166666666666668,0.10500000000000001
228,encoded_Group2_IMG_5313.jpg,Group1-stimuli/group1-block2/fake-group2-b2/encoded_Group2_IMG_5313.jpg,fake,0.5616666666666668,0.42833333333333334,0.7083333333333334
229,encoded_Group2_IMG_0421.jpg,Group1-stimuli/group1-block2/fake-group2-b2/encoded_Group2_IMG_0421.jpg,fake,0.5216666666666666,0.36916666666666675,0.385
230,encoded_Group2_IMG_0446.jpg,Group1-stimuli/group1-block2/fake-group2-b2/encoded_Group2_IMG_0446.jpg,fake,0.3525,0.1583333333333333,0.10833333333333332
231,Group1_IMG_5999.jpg,Group1-stimuli/group1-block2/real-group1-b2/Group1_IMG_5999.jpg,real,0.11666666666666665,0.08333333333333333,0.10166666666666666
232,Group1_IMG_0107.jpg,Group1-stimuli/group1-block2/real-group1-b2/Group1_IMG_0107.jpg,real,0.06666666666666668,0.06666666666666668,0.10166666666666666
233,encoded_Group2_IMG_0322.jpg,Group1-stimuli/group1-block2/fake-group2-b2/encoded_Group2_IMG_0322.jpg,fake,0.13666666666666666,0.075,0.13499999999999998
234,encoded_Group2_IMG_4255.jpg,Group1-stimuli/group1-block2/fake-group2-b2/encoded_Group2_IMG_4255.jpg,fake,0.33083333333333337,0.29416666666666663,0.2733333333333333
235,encoded_Group2_IMG_0219.jpg,Group1-stimuli/group1-block2/fake-group2-b2/encoded_Group2_IMG_0219.jpg,fake,0.4074999999999999,0.31333333333333335,0.36333333333333334
236,Group1_IMG_0548.jpg,Group1-stimuli/group1-block2/real-group1-b2/Group1_IMG_0548.jpg,real,0.041666666666666664,0.05833333333333333,0.10833333333333332
237,Group1_IMG_0229.jpg,Group1-stimuli/group1-block2/real-group1-b2/Group1_IMG_0229.jpg,real,0.2941666666666667,0.21166666666666667,0.22999999999999998
238,encoded_Group2_IMG_0365.jpg,Group1-stimuli/group1-block2/fake-group2-b2/encoded_Group2_IMG_0365.jpg,fake,0.17833333333333332,0.11666666666666665,0.185
239,Group1_IMG_9822.jpg,Group1-stimuli/group1-block2/real-group1-b2/Group1_IMG_9822.jpg,real,0.05,0.058333333333333334,0.075
240,encoded_Group2_IMG_0195.jpg,Group1-stimuli/group1-block2/fake-group2-b2/encoded_Group2_IMG_0195.jpg,fake,0.6958333333333333,0.6033333333333333,0.48500000000000004
241,encoded_Group2_IMG_0494.jpg,Group1-stimuli/group1-block2/fake-group2-b2/encoded_Group2_IMG_0494.jpg,fake,0.041666666666666664,0.041666666666666664,0.06666666666666667
242,Group1_IMG_0509.jpg,Group1-stimuli/group1-block2/real-group1-b2/Group1_IMG_0509.jpg,real,0.6824999999999999,0.605,0.6733333333333333
243,encoded_Group2_IMG_8924.jpg,Group1-stimuli/group1-block2/fake-group2-b2/encoded_Group2_IMG_8924.jpg,fake,0.5774999999999999,0.4491666666666666,0.52
244,Group1_IMG_0360.jpg,Group1-stimuli/group1-block2/real-group1-b2/Group1_IMG_0360.jpg,real,0.15499999999999997,0.09333333333333334,0.1683333333333333
245,encoded_Group2_IMG_0523.jpg,Group1-stimuli/group1-block2/fake-group2-b2/encoded_Group2_IMG_0523.jpg,fake,0.5216666666666667,0.4025,0.47000000000000003
246,Group1_IMG_0518.jpg,Group1-stimuli/group1-block2/real-group1-b2/Group1_IMG_0518.jpg,real,0.45083333333333336,0.33749999999999997,0.4383333333333333
247,encoded_Group2_IMG_0372.jpg,Group1-stimuli/group1-block2/fake-group2-b2/encoded_Group2_IMG_0372.jpg,fake,0.06666666666666667,0.06666666666666667,0.10166666666666666
248,encoded_Group2_IMG_9761.jpg,Group1-stimuli/group1-block2/fake-group2-b2/encoded_Group2_IMG_9761.jpg,fake,0.5041666666666667,0.3908333333333333,0.3916666666666667
249,Group1_IMG_2690.jpg,Group1-stimuli/group1-block2/real-group1-b2/Group1_IMG_2690.jpg,real,0.12000000000000002,0.08333333333333333,0.11833333333333333
250,Group1_IMG_9855.jpg,Group1-stimuli/group1-block2/real-group1-b2/Group1_IMG_9855.jpg,real,0.03333333333333333,0.025,0.05833333333333333
251,encoded_Group2_IMG_0470.jpg,Group1-stimuli/group1-block2/fake-group2-b2/encoded_Group2_IMG_0470.jpg,fake,0.041666666666666664,0.025,0.075
252,encoded_Group2_IMG_1191.jpg,Group1-stimuli/group1-block2/fake-group2-b2/encoded_Group2_IMG_1191.jpg,fake,0.5391666666666667,0.4575,0.485
253,Group1_IMG_9937.jpg,Group1-stimuli/group1-block2/real-group1-b2/Group1_IMG_9937.jpg,real,0.03333333333333333,0.025,0.05
254,encoded_Group2_IMG_0106.jpg,Group1-stimuli/group1-block2/fake-group2-b2/encoded_Group2_IMG_0106.jpg,fake,0.043333333333333335,0.041666666666666664,0.07666666666666666
255,Group1_IMG_2790.jpg,Group1-stimuli/group1-block2/real-group1-b2/Group1_IMG_2790.jpg,real,0.07666666666666666,0.05,0.11000000000000001
256,Group1_IMG_9792.jpg,Group1-stimuli/group1-block2/real-group1-b2/Group1_IMG_9792.jpg,real,0.05833333333333333,0.05,0.058333333333333334
257,Group1_IMG_1640.jpg,Group1-stimuli/group1-block2/real-group1-b2/Group1_IMG_1640.jpg,real,0.59,0.4991666666666668,0.5466666666666666
258,Group1_IMG_0033.jpg,Group1-stimuli/group1-block2/real-group1-b2/Group1_IMG_0033.jpg,real,0.5783333333333334,0.48250000000000004,0.57
259,Group1_IMG_0079.jpg,Group1-stimuli/group1-block2/real-group1-b2/Group1_IMG_0079.jpg,real,0.47416666666666674,0.31333333333333335,0.5266666666666666
260,encoded_Group2_IMG_9909.jpg,Group1-stimuli/group1-block2/fake-group2-b2/encoded_Group2_IMG_9909.jpg,fake,0.075,0.06666666666666668,0.10166666666666666
261,encoded_Group2_IMG_0398.jpg,Group1-stimuli/group1-block2/fake-group2-b2/encoded_Group2_IMG_0398.jpg,fake,0.38749999999999996,0.24916666666666662,0.2783333333333333
262,Group1_IMG_4268.jpg,Group1-stimuli/group1-block2/real-group1-b2/Group1_IMG_4268.jpg,real,0.6408333333333334,0.5541666666666666,0.4966666666666666
263,encoded_Group2_IMG_9321.jpg,Group1-stimuli/group1-block2/fake-group2-b2/encoded_Group2_IMG_9321.jpg,fake,0.4583333333333333,0.30500000000000005,0.5383333333333333
264,encoded_Group2_IMG_9964.jpg,Group1-stimuli/group1-block2/fake-group2-b2/encoded_Group2_IMG_9964.jpg,fake,0.3225,0.24666666666666667,0.30666666666666675
265,Group1_IMG_0329.jpg,Group1-stimuli/group1-block2/real-group1-b2/Group1_IMG_0329.jpg,real,0.1633333333333333,0.13499999999999998,0.1883333333333333
266,encoded_Group2_IMG_0534.jpg,Group1-stimuli/group1-block2/fake-group2-b2/encoded_Group2_IMG_0534.jpg,fake,0.32916666666666666,0.25333333333333335,0.2816666666666667
267,encoded_Group2_IMG_0054.jpg,Group1-stimuli/group1-block2/fake-group2-b2/encoded_Group2_IMG_0054.jpg,fake,0.025,0.025,0.041666666666666664
268,Group1_IMG_9979.jpg,Group1-stimuli/group1-block2/real-group1-b2/Group1_IMG_9979.jpg,real,0.41083333333333333,0.28833333333333333,0.5683333333333334
269,Group1_IMG_0170.jpg,Group1-stimuli/group1-block2/real-group1-b2/Group1_IMG_0170.jpg,real,0.6775,0.5858333333333333,0.5449999999999998
270,encoded_Group2_IMG_0007.jpg,Group1-stimuli/group1-block2/fake-group2-b2/encoded_Group2_IMG_0007.jpg,fake,0.4691666666666666,0.3625,0.4083333333333333
271,Group1_IMG_0192.jpg,Group1-stimuli/group1-block2/real-group1-b2/Group1_IMG_0192.jpg,real,0.8241666666666667,0.8324999999999999,0.6066666666666667
272,Group1_IMG_9786.jpg,Group1-stimuli/group1-block2/real-group1-b2/Group1_IMG_9786.jpg,real,0.605,0.5275000000000001,0.47833333333333333
273,Group1_IMG_0187.jpg,Group1-stimuli/group1-block2/real-group1-b2/Group1_IMG_0187.jpg,real,0.8241666666666667,0.7808333333333334,0.5783333333333333
274,encoded_Group2_IMG_0249.jpg,Group1-stimuli/group1-block2/fake-group2-b2/encoded_Group2_IMG_0249.jpg,fake,0.05833333333333333,0.06666666666666667,0.06833333333333333
275,encoded_Group2_IMG_0074.jpg,Group1-stimuli/group1-block2/fake-group2-b2/encoded_Group2_IMG_0074.jpg,fake,0.43249999999999994,0.32916666666666666,0.4499999999999999
276,Group1_IMG_0243.jpg,Group1-stimuli/group1-block2/real-group1-b2/Group1_IMG_0243.jpg,real,0.13,0.06833333333333333,0.13666666666666666
277,Group1_IMG_0130.jpg,Group1-stimuli/group1-block2/real-group1-b2/Group1_IMG_0130.jpg,real,0.03333333333333333,0.016666666666666666,0.03333333333333333
278,Group1_IMG_0298.jpg,Group1-stimuli/group1-block2/real-group1-b2/Group1_IMG_0298.jpg,real,0.7175,0.7100000000000002,0.615
279,Group1_IMG_5871.jpg,Group1-stimuli/group1-block2/real-group1-b2/Group1_IMG_5871.jpg,real,0.12,0.08333333333333333,0.11333333333333333
280,encoded_Group2_IMG_0479.jpg,Group1-stimuli/group1-block2/fake-group2-b2/encoded_Group2_IMG_0479.jpg,fake,0.05,0.05,0.12666666666666665
281,encoded_Group2_IMG_4971.jpg,Group1-stimuli/group1-block2/fake-group2-b2/encoded_Group2_IMG_4971.jpg,fake,0.5666666666666667,0.49416666666666664,0.495
282,Group1_IMG_0173.jpg,Group1-stimuli/group1-block2/real-group1-b2/Group1_IMG_0173.jpg,real,0.08499999999999999,0.05,0.08499999999999999
283,Group1_IMG_0213.jpg,Group1-stimuli/group1-block2/real-group1-b2/Group1_IMG_0213.jpg,real,0.07666666666666666,0.05,0.10166666666666666
284,encoded_Group2_IMG_0260.jpg,Group1-stimuli/group1-block2/fake-group2-b2/encoded_Group2_IMG_0260.jpg,fake,0.5933333333333334,0.5075000000000001,0.585
285,encoded_Group2_IMG_7291.jpg,Group1-stimuli/group1-block2/fake-group2-b2/encoded_Group2_IMG_7291.jpg,fake,0.28583333333333333,0.10166666666666666,0.18666666666666668
286,encoded_Group2_IMG_0176.jpg,Group1-stimuli/group1-block2/fake-group2-b2/encoded_Group2_IMG_0176.jpg,fake,0.13833333333333334,0.08499999999999999,0.10166666666666666
287,Group1_IMG_9699.jpg,Group1-stimuli/group1-block2/real-group1-b2/Group1_IMG_9699.jpg,real,0.03333333333333333,0.025,0.06
288,Group1_IMG_0381.jpg,Group1-stimuli/group1-block2/real-group1-b2/Group1_IMG_0381.jpg,real,0.2975,0.15999999999999998,0.27166666666666667
289,Group1_IMG_0309.jpg,Group1-stimuli/group1-block2/real-group1-b2/Group1_IMG_0309.jpg,real,0.6566666666666666,0.5858333333333334,0.6466666666666666
290,encoded_Group2_IMG_0041.jpg,Group1-stimuli/group1-block2/fake-group2-b2/encoded_Group2_IMG_0041.jpg,fake,0.38916666666666666,0.27,0.26166666666666666
291,Group1_IMG_0303.jpg,Group1-stimuli/group1-block2/real-group1-b2/Group1_IMG_0303.jpg,real,0.7608333333333335,0.7433333333333334,0.6733333333333332
292,encoded_Group2_IMG_0419.jpg,Group1-stimuli/group1-block2/fake-group2-b2/encoded_Group2_IMG_0419.jpg,fake,0.45,0.3358333333333333,0.37666666666666665
293,Group1_IMG_0384.jpg,Group1-stimuli/group1-block2/real-group1-b2/Group1_IMG_0384.jpg,real,0.44000000000000006,0.32333333333333336,0.5016666666666666
294,Group1_IMG_0147.jpg,Group1-stimuli/group1-block2/real-group1-b2/Group1_IMG_0147.jpg,real,0.8408333333333335,0.7750000000000001,0.6933333333333334
295,Group1_IMG_9725.jpg,Group1-stimuli/group1-block2/real-group1-b2/Group1_IMG_9725.jpg,real,0.8475000000000001,0.8016666666666667,0.6433333333333334
296,Group1_IMG_0341.jpg,Group1-stimuli/group1-block2/real-group1-b2/Group1_IMG_0341.jpg,real,0.22166666666666668,0.125,0.21166666666666667
297,encoded_Group2_IMG_0072.jpg,Group1-stimuli/group1-block2/fake-group2-b2/encoded_Group2_IMG_0072.jpg,fake,0.5466666666666666,0.4658333333333333,0.5449999999999999
298,encoded_Group2_IMG_0558.jpg,Group1-stimuli/group1-block2/fake-group2-b2/encoded_Group2_IMG_0558.jpg,fake,0.12166666666666667,0.05833333333333333,0.11166666666666666
299,Group1_IMG_0493.jpg,Group1-stimuli/group1-block2/real-group1-b2/Group1_IMG_0493.jpg,real,0.025,0.016666666666666666,0.05833333333333333
300,encoded_Group2_IMG_1715.jpg,Group1-stimuli/group1-block2/fake-group2-b2/encoded_Group2_IMG_1715.jpg,fake,0.5425000000000001,0.4058333333333334,0.49499999999999994
301,encoded_Group2_IMG_9807.jpg,Group1-stimuli/group1-block2/fake-group2-b2/encoded_Group2_IMG_9807.jpg,fake,0.025,0.016666666666666666,0.05
302,encoded_Group2_IMG_0545.jpg,Group1-stimuli/group1-block2/fake-group2-b2/encoded_Group2_IMG_0545.jpg,fake,0.0,0.0,0.03333333333333333
303,Group1_IMG_9766.jpg,Group1-stimuli/group1-block2/real-group1-b2/Group1_IMG_9766.jpg,real,0.6533333333333333,0.6108333333333332,0.5516666666666666
304,encoded_Group2_IMG_4956.jpg,Group1-stimuli/group1-block2/fake-group2-b2/encoded_Group2_IMG_4956.jpg,fake,0.5958333333333334,0.5574999999999999,0.6216666666666668
